dens,max_length,lake_id
10,NA,3
20,2630.062,3
40,11697.1136,3
80,13375.6731,3
100,9952.0189,3
250,15786.2968,3
500,18108.6191,3
750,19505.1605,3
1000,19598.2362,3
1500,19808.9596,3
2000,19698.4753,3
2500,19795.5571,3
3000,19659.6474,3
3500,19813.4895,3
4000,19760.9826,3
5000,19809.2758,3
6000,19717.429,3
10,NA,148
20,NA,148
40,4269.4367,148
80,2529.573,148
100,5019.8215,148
250,3326.7644,148
500,10027.1873,148
750,10226.9182,148
1000,10720.6658,148
1500,11702.9709,148
2000,12005.918,148
2500,12206.5635,148
3000,12206.5865,148
3500,12268.5417,148
4000,11972.0925,148
5000,12224.6746,148
6000,11915.8006,148
10,NA,137
20,400.0866,137
40,1663.7638,137
80,912.8583,137
100,2091.8317,137
250,2654.1268,137
500,2651.3084,137
750,2916.7568,137
1000,2907.5924,137
1500,2909.1383,137
2000,2907.2354,137
2500,2917.1671,137
3000,2936.594,137
3500,2930.3524,137
4000,2941.145,137
5000,2939.3718,137
6000,2938.5311,137
10,256.2924,138
20,362.12,138
40,447.7547,138
80,522.8647,138
100,724.696,138
250,903.1621,138
500,929.8777,138
750,926.0685,138
1000,924.2382,138
1500,931.6626,138
2000,934.3404,138
2500,934.1523,138
3000,932.19,138
3500,934.1071,138
4000,933.5932,138
5000,934.1924,138
6000,934.4537,138
10,1161.9109,275
20,750.9005,275
40,885.0538,275
80,1403.49,275
100,1432.8065,275
250,1521.4709,275
500,1522.7374,275
750,1524.0139,275
1000,1523.4902,275
1500,1523.2624,275
2000,1524.116,275
2500,1524.1888,275
3000,1524.3277,275
3500,1524.2508,275
4000,1524.2706,275
5000,1524.3332,275
6000,1524.362,275
10,3219.3113,288
20,1963.5546,288
40,1487.0544,288
80,2614.5883,288
100,2114.8616,288
250,3453.3521,288
500,3566.854,288
750,3671.2628,288
1000,3641.4453,288
1500,3641.3345,288
2000,3675.2311,288
2500,3670.7614,288
3000,3674.1462,288
3500,3678.1614,288
4000,3670.278,288
5000,3673.5701,288
6000,3678.317,288
10,NA,291
20,742.5008,291
40,1346.0329,291
80,1786.7021,291
100,1830.7896,291
250,2090.5429,291
500,2097.6581,291
750,2027.1133,291
1000,2473.5982,291
1500,2490.3165,291
2000,2483.3429,291
2500,2460.9991,291
3000,2196.1107,291
3500,2492.2842,291
4000,2492.7855,291
5000,2494.6265,291
6000,2494.2539,291
10,854.2195,296
20,996.9598,296
40,1072.5309,296
80,1203.6763,296
100,1175.1738,296
250,1234.3424,296
500,1235.8413,296
750,1234.6832,296
1000,1234.4941,296
1500,1235.7354,296
2000,1236.4464,296
2500,1235.6952000000001,296
3000,1236.9676,296
3500,1235.2756,296
4000,1236.7244,296
5000,1236.741,296
6000,1236.8121,296
10,NA,297
20,1651.8437,297
40,6480.161,297
80,8963.5594,297
100,8706.7458,297
250,11230.4908,297
500,11760.3386,297
750,11971.8867,297
1000,11832.3399,297
1500,11863.8399,297
2000,12160.0496,297
2500,12144.8549,297
3000,12144.2367,297
3500,12013.8023,297
4000,12046.1084,297
5000,12100.1108,297
6000,12224.9752,297
10,NA,298
20,2505.5917,298
40,3099.2319,298
80,5206.7231,298
100,5221.4725,298
250,5330.589,298
500,5554.5738,298
750,5562.0671,298
1000,5618.4139,298
1500,5584.9985,298
2000,5608.1857,298
2500,5618.5818,298
3000,5621.92,298
3500,5619.0182,298
4000,5615.1292,298
5000,5626.8382,298
6000,5622.9523,298
10,410.3289,316
20,NA,316
40,664.5925,316
80,1381.7002,316
100,1024.4025,316
250,1428.3094,316
500,1198.9324,316
750,1449.106,316
1000,1683.5385,316
1500,1471.2577000000001,316
2000,1502.2742,316
2500,1680.9027,316
3000,1677.3765,316
3500,1673.6904,316
4000,1683.3855,316
5000,1681.3753,316
6000,1678.7647,316
10,556.7827,317
20,496.828,317
40,578.8357,317
80,689.4672,317
100,665.4437,317
250,690.1661,317
500,714.346,317
750,711.6602,317
1000,716.1051,317
1500,716.0418,317
2000,717.5541,317
2500,717.8801,317
3000,717.1475,317
3500,717.031,317
4000,717.5192,317
5000,713.4255,317
6000,716.6235,317
10,140.8037,166
20,187.5036,166
40,238.6016,166
80,266.6899,166
100,273.016,166
250,272.7664,166
500,276.6603,166
750,278.0568,166
1000,277.4412,166
1500,278.514,166
2000,278.2054,166
2500,278.5669,166
3000,278.4125,166
3500,278.6899,166
4000,278.4821,166
5000,278.6531,166
6000,278.5412,166
10,1720.5571,326
20,895.6153,326
40,1941.2005,326
80,1932.9631,326
100,2001.1546,326
250,2013.8659,326
500,2029.7768,326
750,2025.534,326
1000,2028.314,326
1500,2028.4955,326
2000,2026.212,326
2500,2029.9182,326
3000,2029.3948,326
3500,2029.7726,326
4000,2029.8572,326
5000,2028.9568,326
6000,2030.1749,326
10,1189.2293,327
20,1323.7853,327
40,1451.5139,327
80,1448.7092,327
100,1495.1402,327
250,1507.3101,327
500,1497.1233,327
750,1505.3697,327
1000,1501.8038,327
1500,1507.0677,327
2000,1510.1532,327
2500,1510.7248,327
3000,1508.6192,327
3500,1510.9784,327
4000,1508.9399,327
5000,1509.7853,327
6000,1510.3011,327
10,35.4533,1000
20,149.2855,1000
40,579.362,1000
80,914.4068,1000
100,995.3061,1000
250,989.4985,1000
500,1024.8188,1000
750,1030.257,1000
1000,1030.3712,1000
1500,1029.3498,1000
2000,1031.501,1000
2500,1034.2406,1000
3000,1034.3068,1000
3500,1033.4766,1000
4000,1034.3856,1000
5000,1033.9715,1000
6000,1034.2726,1000
10,NA,70
20,16120.4896,70
40,10621.6092,70
80,9351.5629,70
100,9449.69,70
250,10592.2952,70
500,16594.7117,70
750,23194.5796,70
1000,21083.1532,70
1500,23581.0787,70
2000,23349.0527,70
2500,27240.1762,70
3000,24241.1781,70
3500,24144.3378,70
4000,27366.7424,70
5000,27581.4164,70
6000,26514.8304,70
10,NA,69
20,NA,69
40,NA,69
80,3364.7655,69
100,2890.7225,69
250,15895.0911,69
500,18279.5108,69
750,31686.6025,69
1000,28492.9719,69
1500,29554.2747,69
2000,19330.5626,69
2500,32946.1853,69
3000,31832.7483,69
3500,33317.6408,69
4000,29870.9903,69
5000,33969.9816,69
6000,33319.56,69
10,2819.732,1001
20,3010.4651,1001
40,3569.7733,1001
80,3695.9492,1001
100,3683.9986,1001
250,3711.4905,1001
500,3714.08,1001
750,3714.0837,1001
1000,3714.4246,1001
1500,3716.704,1001
2000,3716.65,1001
2500,3716.0637,1001
3000,3716.4708,1001
3500,3717.2472,1001
4000,3717.5692,1001
5000,3716.8367,1001
6000,3717.6632,1001
10,NA,1002
20,NA,1002
40,5856.7926,1002
80,3075.5972,1002
100,1976.8652,1002
250,6046.1606,1002
500,7534.1284,1002
750,7497.7775,1002
1000,7536.7145,1002
1500,7573.1776,1002
2000,7575.18,1002
2500,7551.212,1002
3000,7574.2203,1002
3500,7566.3693,1002
4000,7566.9008,1002
5000,7575.1339,1002
6000,7568.5004,1002
10,588.3874,1003
20,536.1487,1003
40,2360.6611,1003
80,2088.9396,1003
100,4251.6355,1003
250,4018.4061,1003
500,4548.5437,1003
750,4542.1761,1003
1000,4551.1836,1003
1500,4551.4368,1003
2000,4552.2511,1003
2500,4552.6253,1003
3000,4553.1985,1003
3500,4553.5509,1003
4000,4552.4178,1003
5000,4552.4329,1003
6000,4554.6726,1003
10,875.8323,1004
20,NA,1004
40,1900.32,1004
80,3250.3979,1004
100,1808.128,1004
250,3735.187,1004
500,3554.665,1004
750,4505.0366,1004
1000,4364.0917,1004
1500,4449.0644,1004
2000,5059.6171,1004
2500,5061.1251,1004
3000,4513.2158,1004
3500,5057.0854,1004
4000,5064.6848,1004
5000,5064.9608,1004
6000,5056.9974,1004
10,NA,1005
20,1397.3432,1005
40,2967.0484,1005
80,3838.8554,1005
100,9190.2511,1005
250,8397.1316,1005
500,8112.6915,1005
750,9655.3374,1005
1000,10296.5415,1005
1500,10301.9722,1005
2000,9600.9929,1005
2500,10361.2952,1005
3000,10285.5858,1005
3500,10320.2793,1005
4000,10395.1056,1005
5000,10351.3851,1005
6000,10381.8579,1005
10,3050.358,167
20,3414.705,167
40,3604.5627,167
80,3542.9843,167
100,3575.9635,167
250,3589.3634,167
500,3660.7726,167
750,3660.3738,167
1000,3657.9236,167
1500,3662.2465,167
2000,3664.7103,167
2500,3665.3916,167
3000,3664.2588,167
3500,3664.9632,167
4000,3667.6555,167
5000,3667.5788,167
6000,3666.5894,167
10,NA,1006
20,NA,1006
40,492.0159,1006
80,900.5319,1006
100,1952.2947,1006
250,1803.0372,1006
500,1940.187,1006
750,1942.0988,1006
1000,2244.2449,1006
1500,2173.4127,1006
2000,2205.5504,1006
2500,2170.4591,1006
3000,2290.1236,1006
3500,2394.1184,1006
4000,2339.7427,1006
5000,2425.2643,1006
6000,2387.8569,1006
10,NA,1007
20,1092.3257,1007
40,816.9457,1007
80,1158.941,1007
100,1450.5894,1007
250,1523.0061,1007
500,1554.7398,1007
750,1640.0668,1007
1000,1596.4302,1007
1500,1652.1889,1007
2000,1627.652,1007
2500,1661.3854,1007
3000,1654.6449,1007
3500,1741.6752,1007
4000,1739.955,1007
5000,1659.4843,1007
6000,1743.7465,1007
10,NA,1008
20,2107.7773,1008
40,3539.46,1008
80,3405.6958,1008
100,4391.9896,1008
250,4788.2794,1008
500,5171.2316,1008
750,4968.1782,1008
1000,5156.2778,1008
1500,5170.7903,1008
2000,5171.2861,1008
2500,5176.3144,1008
3000,5161.9183,1008
3500,4841.6017,1008
4000,5176.4248,1008
5000,5178.7413,1008
6000,5174.3932,1008
10,NA,1009
20,NA,1009
40,939.2049,1009
80,797.0459,1009
100,1171.7484,1009
250,1340.8879,1009
500,1304.8513,1009
750,1625.8225,1009
1000,1737.6872,1009
1500,1725.7468,1009
2000,1642.8248,1009
2500,1732.2613,1009
3000,1731.2537,1009
3500,1628.7561,1009
4000,1710.7063,1009
5000,1713.9026,1009
6000,1759.8747,1009
10,NA,1010
20,NA,1010
40,222.4445,1010
80,2814.0493,1010
100,4015.664,1010
250,4420.7327,1010
500,6069.2853,1010
750,5966.5127,1010
1000,6449.5767,1010
1500,6158.6696,1010
2000,5990.4547,1010
2500,6118.7124,1010
3000,6483.0348,1010
3500,6349.6631,1010
4000,6157.1182,1010
5000,6491.6493,1010
6000,6434.0215,1010
10,709.3331,1011
20,2574.2564,1011
40,2201.5085,1011
80,2926.9457,1011
100,2964.1391,1011
250,2980.061,1011
500,3369.8245,1011
750,3468.5028,1011
1000,3567.0475,1011
1500,3735.7431,1011
2000,3667.7982,1011
2500,3476.9115,1011
3000,3718.9101,1011
3500,3738.6045,1011
4000,3735.7795,1011
5000,3731.3609,1011
6000,3727.5083,1011
10,NA,1012
20,2749.4247,1012
40,3299.9397,1012
80,2872.2761,1012
100,2877.258,1012
250,3975.9998,1012
500,3982.4999,1012
750,3908.6155,1012
1000,3903.3877,1012
1500,3910.8445,1012
2000,3987.1603,1012
2500,3986.4002,1012
3000,3983.9496,1012
3500,3987.5882,1012
4000,3983.1646,1012
5000,3982.174,1012
6000,3988.3527,1012
10,NA,1013
20,1330.9253,1013
40,2284.994,1013
80,1876.7978,1013
100,2400.619,1013
250,4394.0515,1013
500,4204.9043,1013
750,4423.66,1013
1000,4202.0156,1013
1500,4422.2747,1013
2000,4441.1368,1013
2500,4450.8127,1013
3000,4448.7829,1013
3500,4441.6916,1013
4000,4419.422,1013
5000,4464.3306,1013
6000,4461.7438,1013
10,NA,1014
20,2169.0164,1014
40,2786.2357,1014
80,3173.8268,1014
100,3110.9073,1014
250,3380.9063,1014
500,3420.7563,1014
750,3362.6702,1014
1000,3347.339,1014
1500,3427.8498,1014
2000,3422.041,1014
2500,3417.2308,1014
3000,3400.4037,1014
3500,3424.721,1014
4000,3428.0883,1014
5000,3427.3685,1014
6000,3425.4867,1014
10,NA,1033
20,NA,1033
40,3716.2781,1033
80,1571.0423,1033
100,2887.2842,1033
250,7345.9183,1033
500,7225.2043,1033
750,7038.1809,1033
1000,6538.8655,1033
1500,6414.0278,1033
2000,7642.4229,1033
2500,7508.9982,1033
3000,7629.8653,1033
3500,7281.8174,1033
4000,7486.566,1033
5000,7619.8869,1033
6000,7536.5094,1033
10,387.044,184
20,382.3318,184
40,422.6745,184
80,426.3242,184
100,422.6978,184
250,427.4276,184
500,426.7127,184
750,426.9034,184
1000,426.598,184
1500,427.5171,184
2000,427.6046,184
2500,427.7034,184
3000,427.8156,184
3500,427.8188,184
4000,427.9919,184
5000,428.018,184
6000,428.0059,184
10,NA,1031
20,200.7655,1031
40,2037.8435,1031
80,1869.8651,1031
100,2721.145,1031
250,3295.2432,1031
500,3272.2909,1031
750,3300.6089,1031
1000,3347.0028,1031
1500,3435.1363,1031
2000,3383.6874,1031
2500,3436.9532,1031
3000,3370.3766,1031
3500,3369.6794,1031
4000,3438.7554,1031
5000,3441.375,1031
6000,3448.5572,1031
10,854.2416,1015
20,435.1455,1015
40,1554.0526,1015
80,2351.5115,1015
100,1798.3606,1015
250,2409.6652,1015
500,2477.1149,1015
750,2518.4242,1015
1000,2521.6499,1015
1500,2534.7305,1015
2000,2530.3867,1015
2500,2550.8972,1015
3000,2550.6832,1015
3500,2550.5409,1015
4000,2551.4911,1015
5000,2544.2148,1015
6000,2551.9252,1015
10,NA,1016
20,928.6703,1016
40,1834.1229,1016
80,3260.6534,1016
100,3085.491,1016
250,3267.0863,1016
500,3304.1628,1016
750,3295.1002,1016
1000,3294.3997,1016
1500,3301.2858,1016
2000,3297.3673,1016
2500,3304.3483,1016
3000,3303.8451,1016
3500,3299.1991,1016
4000,3302.4639,1016
5000,3298.4234,1016
6000,3307.4917,1016
10,441.5179,1017
20,719.1916,1017
40,1385.3664,1017
80,1516.6792,1017
100,1445.5945,1017
250,1515.0428,1017
500,1504.871,1017
750,1510.6919,1017
1000,1519.2557,1017
1500,1521.9297,1017
2000,1520.9904,1017
2500,1516.3936,1017
3000,1522.4357,1017
3500,1521.8705,1017
4000,1521.83,1017
5000,1520.3676,1017
6000,1519.795,1017
10,NA,1018
20,2283.2622,1018
40,2135.321,1018
80,2658.569,1018
100,2513.222,1018
250,2986.3586,1018
500,3309.8188,1018
750,3265.6173,1018
1000,3326.4506,1018
1500,3381.7409,1018
2000,3332.8485,1018
2500,3340.0507,1018
3000,3374.4525,1018
3500,3355.6114,1018
4000,3386.6187,1018
5000,3376.2107,1018
6000,3383.9168,1018
10,NA,1019
20,NA,1019
40,862.438,1019
80,1654.7221,1019
100,2900.6224,1019
250,2749.2004,1019
500,4004.1737,1019
750,2933.3082,1019
1000,3995.9332,1019
1500,4011.2596,1019
2000,3992.8364,1019
2500,4925.1291,1019
3000,4893.174,1019
3500,4970.1807,1019
4000,4877.2233,1019
5000,4893.5609,1019
6000,4977.41,1019
10,NA,1020
20,1852.4034,1020
40,2663.1995,1020
80,3526.5335,1020
100,2989.3434,1020
250,4573.5575,1020
500,4603.3359,1020
750,4599.2109,1020
1000,4613.2804,1020
1500,4606.2248,1020
2000,4616.604,1020
2500,4614.9884,1020
3000,4616.447,1020
3500,4617.0589,1020
4000,4616.6753,1020
5000,4616.8722,1020
6000,4617.7267,1020
10,NA,1024
20,NA,1024
40,NA,1024
80,2562.4965,1024
100,2035.7863,1024
250,4131.2759,1024
500,4571.2017,1024
750,4782.3439,1024
1000,4561.038,1024
1500,4523.2091,1024
2000,4602.0814,1024
2500,4774.6996,1024
3000,4617.8096,1024
3500,4611.5478,1024
4000,4778.7425,1024
5000,4777.9964,1024
6000,4776.1023,1024
10,NA,1021
20,1006.0378,1021
40,1928.8429,1021
80,2993.7098,1021
100,2067.5678,1021
250,3063.8599,1021
500,3057.5083,1021
750,3093.0906,1021
1000,3072.6961,1021
1500,3089.5523,1021
2000,3090.7722,1021
2500,3093.5342,1021
3000,3094.9534,1021
3500,3093.3836,1021
4000,3095.5515,1021
5000,3095.2298,1021
6000,3094.4081,1021
10,NA,1025
20,460.8978,1025
40,720.5426,1025
80,2705.5826,1025
100,3498.7012,1025
250,3583.629,1025
500,3832.8854,1025
750,4469.4912,1025
1000,4255.7127,1025
1500,4506.6767,1025
2000,4510.6924,1025
2500,4475.1229,1025
3000,4509.2353,1025
3500,4489.7878,1025
4000,4512.7665,1025
5000,4504.742,1025
6000,4514.2486,1025
10,1969.8474,186
20,1965.422,186
40,2093.109,186
80,2095.319,186
100,2125.0109,186
250,2125.744,186
500,2125.7921,186
750,2126.2703,186
1000,2125.8538,186
1500,2126.1699,186
2000,2126.636,186
2500,2126.8635,186
3000,2126.6212,186
3500,2126.6313,186
4000,2126.6441,186
5000,2126.592,186
6000,2126.873,186
10,NA,1026
20,2508.1385,1026
40,1132.6821,1026
80,3092.6522,1026
100,3128.6984,1026
250,3238.2054,1026
500,3217.5718,1026
750,3228.8466,1026
1000,3241.0943,1026
1500,3316.0912,1026
2000,3325.6369,1026
2500,3330.5337,1026
3000,3329.4443,1026
3500,3332.8994,1026
4000,3327.9375,1026
5000,3338.6867,1026
6000,3334.6415,1026
10,1035.6368,1027
20,3397.3329,1027
40,3313.3984,1027
80,3333.9462,1027
100,3099.9723,1027
250,3470.6091,1027
500,3513.6945,1027
750,3521.1966,1027
1000,3522.7213,1027
1500,3530.377,1027
2000,3524.3201,1027
2500,3529.4894,1027
3000,3524.3981,1027
3500,3526.1641,1027
4000,3522.9689,1027
5000,3531.627,1027
6000,3529.9984,1027
10,399.358,1022
20,NA,1022
40,1758.0495,1022
80,1023.2522,1022
100,1440.964,1022
250,1716.774,1022
500,2093.4703,1022
750,2105.1078,1022
1000,2157.6123,1022
1500,2135.4319,1022
2000,2497.0346,1022
2500,2483.1496,1022
3000,2497.4872,1022
3500,2436.9848,1022
4000,2497.1216,1022
5000,2436.9934,1022
6000,2490.5737,1022
10,2260.8097,1028
20,1288.8096,1028
40,2488.1729,1028
80,3422.7116,1028
100,4918.1506,1028
250,5954.309,1028
500,6539.1095,1028
750,6762.0442,1028
1000,6490.3013,1028
1500,6565.8824,1028
2000,6581.9165,1028
2500,6742.9901,1028
3000,6760.2397,1028
3500,6548.8402,1028
4000,6601.3643,1028
5000,6754.6724,1028
6000,6761.6102,1028
10,1157.1647,1029
20,4634.0377,1029
40,4191.0828,1029
80,4364.519,1029
100,4517.9012,1029
250,4763.0621,1029
500,4862.6525,1029
750,5190.9883,1029
1000,5215.5836,1029
1500,5277.062,1029
2000,5255.509,1029
2500,5229.412,1029
3000,5229.0445,1029
3500,5220.2036,1029
4000,5236.4244,1029
5000,5276.8443,1029
6000,5255.983,1029
10,NA,1030
20,1541.8967,1030
40,2819.2362,1030
80,2391.8828,1030
100,3082.0493,1030
250,3855.1908,1030
500,3896.9974,1030
750,3910.5565,1030
1000,3933.3145,1030
1500,4252.6152,1030
2000,4243.9092,1030
2500,4256.884,1030
3000,4239.6148,1030
3500,4238.2548,1030
4000,4256.2985,1030
5000,4258.6004,1030
6000,4260.1584,1030
10,NA,1023
20,273.635,1023
40,1148.7692,1023
80,1090.7603,1023
100,1681.2193,1023
250,2342.5165,1023
500,2195.4611,1023
750,2309.4529000000002,1023
1000,2555.4301,1023
1500,2542.9417,1023
2000,2422.9829,1023
2500,2546.8718,1023
3000,2549.7015,1023
3500,2545.2425,1023
4000,2545.5435,1023
5000,2549.9631,1023
6000,2343.1975,1023
10,NA,1032
20,448.5579,1032
40,1597.7429,1032
80,1680.2143,1032
100,1584.8883,1032
250,1663.5709,1032
500,1991.5284,1032
750,2064.3279000000002,1032
1000,2061.3772,1032
1500,2070.7109,1032
2000,2071.6961,1032
2500,2077.2523,1032
3000,2060.6097,1032
3500,2077.106,1032
4000,2076.8182,1032
5000,2078.8558,1032
6000,2078.7308,1032
10,NA,190
20,413.8873,190
40,947.9832,190
80,3873.1379,190
100,4109.9073,190
250,4326.7723,190
500,4544.0463,190
750,4605.9628,190
1000,4583.0457,190
1500,4604.8767,190
2000,4611.1842,190
2500,4621.1839,190
3000,4576.4801,190
3500,4621.4416,190
4000,4616.4225,190
5000,4614.1154,190
6000,4624.4828,190
10,NA,206
20,828.8467,206
40,1925.7269,206
80,1638.3408,206
100,2064.4901,206
250,2116.5089,206
500,2188.9603,206
750,2180.7187,206
1000,2176.9978,206
1500,2159.0019,206
2000,2210.9287,206
2500,2199.2978,206
3000,2207.7559,206
3500,2200.7994,206
4000,2185.4312,206
5000,2209.7378,206
6000,2211.0009,206
10,289.5014,13
20,500.9942,13
40,638.2379,13
80,756.3658,13
100,693.9467,13
250,764.478,13
500,775.1957,13
750,774.7697,13
1000,771.1423,13
1500,779.139,13
2000,776.5293,13
2500,778.4097,13
3000,777.7777,13
3500,777.212,13
4000,779.1402,13
5000,778.8736,13
6000,779.0071,13
10,319.3578,17
20,326.1252,17
40,335.2647,17
80,330.9248,17
100,337.7083,17
250,338.4586,17
500,338.7225,17
750,338.6318,17
1000,338.6514,17
1500,338.7764,17
2000,338.8406,17
2500,338.8997,17
3000,338.8823,17
3500,338.8322,17
4000,338.903,17
5000,338.8995,17
6000,338.8926,17
10,NA,46
20,523.7935,46
40,576.1937,46
80,579.3996,46
100,562.4032,46
250,595.6616,46
500,600.1285,46
750,599.1546,46
1000,599.5934,46
1500,599.1547,46
2000,599.5215,46
2500,600.1312,46
3000,600.0356,46
3500,600.1499,46
4000,600.2271,46
5000,600.2816,46
6000,600.1577,46
10,2975.8193,4
20,2870.6069,4
40,1133.0141,4
80,3727.1349,4
100,2931.2339,4
250,4627.8711,4
500,4622.3387,4
750,4628.2707,4
1000,4977.5289,4
1500,4972.7202,4
2000,4971.0061,4
2500,4965.4212,4
3000,4970.4122,4
3500,4630.8463,4
4000,4978.2971,4
5000,4970.4885,4
6000,4626.2075,4
10,NA,47
20,181.0273,47
40,721.7137,47
80,1379.6591,47
100,1076.1689,47
250,1818.9982,47
500,1396.7627,47
750,1414.7377,47
1000,1881.3905,47
1500,1873.0155,47
2000,1858.3892,47
2500,1818.7961,47
3000,1872.0357,47
3500,1888.4892,47
4000,1878.4828,47
5000,1903.6908,47
6000,1882.3638,47
10,80.6699,49
20,388.8893,49
40,300.5239,49
80,553.6224,49
100,639.6676,49
250,658.3253,49
500,708.487,49
750,694.735,49
1000,702.5616,49
1500,697.9535,49
2000,704.3266,49
2500,707.9654,49
3000,703.6157,49
3500,703.7145,49
4000,703.8782,49
5000,699.7246,49
6000,707.9974,49
10,446.4793,54
20,693.757,54
40,645.8209,54
80,827.8898,54
100,834.8115,54
250,848.5385,54
500,845.5186,54
750,847.7757,54
1000,848.8803,54
1500,849.0968,54
2000,848.9468,54
2500,848.7996,54
3000,848.6334,54
3500,847.5718,54
4000,848.2415,54
5000,848.7236,54
6000,849.1574,54
10,383.3369,55
20,460.2192,55
40,463.3459,55
80,471.3147,55
100,475.4366,55
250,495.181,55
500,514.2236,55
750,514.8139,55
1000,514.8309,55
1500,514.4226,55
2000,515.6782,55
2500,514.8414,55
3000,515.3866,55
3500,515.1041,55
4000,515.3627,55
5000,515.2245,55
6000,515.6234,55
10,753.7551,67
20,548.4857,67
40,766.5933,67
80,931.0873,67
100,838.7014,67
250,936.9679,67
500,937.3407,67
750,938.529,67
1000,938.7305,67
1500,939.0414,67
2000,938.9888,67
2500,939.3504,67
3000,939.6318,67
3500,939.7037,67
4000,939.3334,67
5000,939.8159,67
6000,939.5761,67
10,NA,68
20,NA,68
40,3106.368,68
80,2666.9209,68
100,2843.2831,68
250,3997.2417,68
500,4045.9722,68
750,4201.9267,68
1000,4203.2207,68
1500,4583.1238,68
2000,4597.865,68
2500,4590.5035,68
3000,4619.6624,68
3500,4615.506,68
4000,4629.2016,68
5000,4632.9068,68
6000,4616.3533,68
10,1326.3907,71
20,1473.0383,71
40,2165.2664,71
80,2375.4648,71
100,2369.9646,71
250,2524.998,71
500,2516.2667,71
750,2572.4524,71
1000,2573.5221,71
1500,2565.056,71
2000,2570.793,71
2500,2580.4086,71
3000,2575.5422,71
3500,2572.4327,71
4000,2580.6747,71
5000,2580.7102,71
6000,2580.4807,71
10,1241.3073,72
20,5061.1926,72
40,4931.4507,72
80,6598.6609,72
100,6487.9097,72
250,6594.5907,72
500,6596.6782,72
750,6643.5963,72
1000,6721.6586,72
1500,6707.9503,72
2000,6708.2368,72
2500,6721.7107,72
3000,6725.4467,72
3500,6722.9917,72
4000,6724.9877,72
5000,6725.0504,72
6000,6722.9332,72
10,790.4266,75
20,707.5167,75
40,601.644,75
80,749.8082,75
100,1137.9882,75
250,1135.2445,75
500,1168.7795,75
750,1166.1408,75
1000,1166.1103,75
1500,1170.837,75
2000,1171.8661,75
2500,1171.2433,75
3000,1170.8323,75
3500,1170.4441,75
4000,1171.3669,75
5000,1171.2515,75
6000,1171.8677,75
10,504.6438,76
20,917.9552,76
40,877.673,76
80,908.3432,76
100,1071.5044,76
250,1120.7311,76
500,1113.5274,76
750,1125.2318,76
1000,1126.7644,76
1500,1126.2111,76
2000,1128.2056,76
2500,1129.5121,76
3000,1127.3659,76
3500,1123.5647,76
4000,1129.4406,76
5000,1129.6937,76
6000,1129.5353,76
10,824.1261,11
20,2024.6291,11
40,1862.3205,11
80,3604.0452,11
100,3341.828,11
250,3289.5362,11
500,3573.1274,11
750,3648.9837,11
1000,3630.1682,11
1500,3632.6399,11
2000,3643.5458,11
2500,3772.6477,11
3000,3960.5965,11
3500,3953.1164,11
4000,3950.9976,11
5000,3960.2979,11
6000,3955.8775,11
10,279.6364,77
20,611.3383,77
40,892.221,77
80,1081.133,77
100,872.3251,77
250,1070.7402,77
500,1088.9784,77
750,1087.4184,77
1000,1091.7447,77
1500,1091.5074,77
2000,1086.7747,77
2500,1091.1481,77
3000,1090.1112,77
3500,1091.377,77
4000,1091.6436,77
5000,1091.3912,77
6000,1091.7028,77
10,207.4556,78
20,NA,78
40,751.6667,78
80,1124.4337,78
100,1344.3046,78
250,1574.0733,78
500,1464.575,78
750,1634.6453,78
1000,1327.3306,78
1500,1662.9914,78
2000,1651.85,78
2500,1671.0702000000001,78
3000,1674.9974,78
3500,1668.6,78
4000,1672.0529,78
5000,1672.5248,78
6000,1676.1201,78
10,496.4461,79
20,853.0221,79
40,782.6878,79
80,805.7885,79
100,875.8134,79
250,868.5712,79
500,893.5803,79
750,893.0904,79
1000,895.8871,79
1500,895.2721,79
2000,896.6582,79
2500,896.2689,79
3000,895.7177,79
3500,896.4092,79
4000,896.6085,79
5000,896.9599,79
6000,896.6929,79
10,NA,83
20,3769.2325,83
40,2703.0014,83
80,3576.1192,83
100,5100.5272,83
250,6521.4002,83
500,7798.2027,83
750,7986.6296,83
1000,7679.675,83
1500,7900.7647,83
2000,7993.2031,83
2500,8078.7623,83
3000,8057.9062,83
3500,8041.3091,83
4000,8051.366,83
5000,8047.907,83
6000,8060.4198,83
10,1110.4223,101
20,267.755,101
40,1221.1555,101
80,1199.9082,101
100,1245.1393,101
250,1304.986,101
500,1492.6549,101
750,1463.2484,101
1000,1444.4952,101
1500,1485.4957,101
2000,1489.011,101
2500,1494.5169,101
3000,1496.7364,101
3500,1499.459,101
4000,1504.9821,101
5000,1505.1047,101
6000,1492.5903,101
10,NA,103
20,1761.8931,103
40,1747.1912,103
80,2332.2167,103
100,2295.5383,103
250,2425.8482,103
500,2385.7391,103
750,2427.9872,103
1000,2446.2061,103
1500,2439.3657,103
2000,2656.3107,103
2500,2641.2303,103
3000,2642.5011,103
3500,2643.7673,103
4000,2654.1171,103
5000,2641.689,103
6000,2642.3042,103
10,175.5982,116
20,354.849,116
40,567.3749,116
80,567.6654,116
100,570.651,116
250,572.9296,116
500,571.1201,116
750,572.2848,116
1000,573.0534,116
1500,572.1487,116
2000,572.9791,116
2500,573.0728,116
3000,573.0541,116
3500,573.026,116
4000,573.0007,116
5000,573.0707,116
6000,573.0863,116
10,NA,149
20,927.1556,149
40,3555.8716,149
80,4765.554,149
100,6595.5723,149
250,6557.2354,149
500,6619.3516,149
750,6670.6554,149
1000,6629.3373,149
1500,6675.1585,149
2000,6684.3038,149
2500,6680.3425,149
3000,6683.3867,149
3500,6683.1676,149
4000,6669.6551,149
5000,6680.8374,149
6000,6681.9018,149
10,NA,155
20,3246.9205,155
40,3260.4998,155
80,3186.2959,155
100,3231.2378,155
250,3254.0692,155
500,3305.8807,155
750,3309.2818,155
1000,3302.5029,155
1500,3311.6517,155
2000,3315.5622,155
2500,3314.3616,155
3000,3316.2136,155
3500,3316.1775,155
4000,3316.6628,155
5000,3315.9036,155
6000,3316.7104,155
10,1436.4076,157
20,1476.579,157
40,1577.8746,157
80,1675.2347,157
100,1666.6777,157
250,1766.8079,157
500,1789.1458,157
750,1794.7877,157
1000,1802.4968,157
1500,1803.2923,157
2000,1803.4044,157
2500,1801.1976,157
3000,1803.3861,157
3500,1802.989,157
4000,1802.9733,157
5000,1803.1643,157
6000,1803.2799,157
10,NA,18
20,1375.8662,18
40,1989.3981,18
80,1797.6767,18
100,1958.07,18
250,2382.9069,18
500,2352.2577,18
750,2394.2178,18
1000,2394.6759,18
1500,2398.9324,18
2000,2394.2159,18
2500,2400.9335,18
3000,2396.3335,18
3500,2401.1145,18
4000,2401.8913,18
5000,2400.9355,18
6000,2402.1265,18
10,626.6736,159
20,819.3027,159
40,553.9047,159
80,807.6115,159
100,881.7541,159
250,863.2119,159
500,883.6995,159
750,873.8062,159
1000,886.1447,159
1500,885.1608,159
2000,885.3857,159
2500,885.7889,159
3000,886.0706,159
3500,886.0606,159
4000,886.0215,159
5000,886.0359,159
6000,886.1549,159
10,498.6267,165
20,512.5666,165
40,631.859,165
80,750.3549,165
100,747.2745,165
250,748.0275,165
500,749.7031,165
750,750.5234,165
1000,746.5613,165
1500,750.4393,165
2000,750.6875,165
2500,750.7965,165
3000,750.9084,165
3500,750.8167,165
4000,750.8593,165
5000,750.8545,165
6000,750.9093,165
10,775.0698,188
20,1080.0012,188
40,1260.6227,188
80,1365.1762,188
100,1298.6104,188
250,1272.1201,188
500,2115.2104,188
750,1373.8671,188
1000,2175.4711,188
1500,2174.9439,188
2000,2216.5834,188
2500,2247.5458,188
3000,2245.3692,188
3500,2242.1229,188
4000,2189.3242,188
5000,2233.5749,188
6000,2245.0735,188
10,817.1674,191
20,558.561,191
40,1060.8589,191
80,1057.8636,191
100,1049.7366,191
250,1064.8575,191
500,1071.563,191
750,1071.7055,191
1000,1069.9073,191
1500,1073.6138,191
2000,1072.8631,191
2500,1074.448,191
3000,1074.758,191
3500,1074.3856,191
4000,1074.3834,191
5000,1074.8283,191
6000,1074.4381,191
10,172.5217,195
20,561.5337,195
40,454.0221,195
80,710.0799,195
100,740.4809,195
250,706.8914,195
500,745.8353,195
750,741.0199,195
1000,750.5836,195
1500,751.1771,195
2000,749.61,195
2500,752.4121,195
3000,753.128,195
3500,753.2559,195
4000,752.2695,195
5000,752.9547,195
6000,753.2855,195
10,785.8782,204
20,855.704,204
40,885.2662,204
80,896.2615,204
100,884.1712,204
250,901.6626,204
500,901.8408,204
750,902.9582,204
1000,904.4083,204
1500,904.1448,204
2000,904.3169,204
2500,904.598,204
3000,903.8427,204
3500,904.2925,204
4000,904.5534,204
5000,904.3786,204
6000,904.618,204
10,339.084,205
20,553.1104,205
40,488.2559,205
80,627.2997,205
100,617.5968,205
250,621.3099,205
500,633.5318,205
750,632.7615,205
1000,633.0338,205
1500,633.7878,205
2000,633.9785,205
2500,634.427,205
3000,634.328,205
3500,634.1159,205
4000,634.1884,205
5000,634.0549,205
6000,634.7302,205
10,144.5559,207
20,268.5653,207
40,427.4968,207
80,3005.6361,207
100,2176.4372,207
250,4054.0165,207
500,3652.5676,207
750,4489.3854,207
1000,3820.8464,207
1500,4067.8135,207
2000,4064.3156,207
2500,4077.4671,207
3000,4069.588,207
3500,3832.8409,207
4000,3832.4749,207
5000,4189.7917,207
6000,4475.3146,207
10,NA,208
20,461.457,208
40,382.8811,208
80,828.4054,208
100,690.5315,208
250,852.8916,208
500,847.802,208
750,852.2701,208
1000,852.1562,208
1500,854.2847,208
2000,854.8526,208
2500,854.3687,208
3000,855.5673,208
3500,854.9866,208
4000,854.9482,208
5000,855.5465,208
6000,855.3524,208
10,NA,209
20,569.8961,209
40,404.5516,209
80,612.329,209
100,614.033,209
250,640.9661,209
500,664.2058,209
750,658.7406,209
1000,658.5026,209
1500,664.3252,209
2000,665.0957,209
2500,666.9817,209
3000,667.025,209
3500,666.9953,209
4000,666.5554,209
5000,667.2166,209
6000,667.3333,209
10,NA,99
20,NA,99
40,1812.3056,99
80,1063.8483,99
100,3104.8859,99
250,3897.8952,99
500,3853.9065,99
750,4230.1769,99
1000,4573.5836,99
1500,4286.1553,99
2000,4557.9765,99
2500,4313.8019,99
3000,4681.6142,99
3500,4584.239,99
4000,4434.3986,99
5000,4789.3403,99
6000,4809.0295,99
10,595.4838,210
20,624.5706,210
40,455.3217,210
80,1160.1461,210
100,1404.2821,210
250,1473.593,210
500,1475.9727,210
750,1485.3275,210
1000,1470.9031,210
1500,1486.3745,210
2000,1476.4045,210
2500,1485.6255,210
3000,1484.7505,210
3500,1489.5258,210
4000,1486.0818,210
5000,1487.1547,210
6000,1489.3757,210
10,382.9067,211
20,1052.2228,211
40,1378.1172,211
80,1131.9445,211
100,1351.1756,211
250,1429.9743,211
500,1413.9663,211
750,1428.0976,211
1000,1439.6133,211
1500,1432.6373,211
2000,1434.6989,211
2500,1439.3636,211
3000,1442.0933,211
3500,1443.079,211
4000,1441.7195,211
5000,1442.1806,211
6000,1442.4716,211
10,83.3857,214
20,254.2866,214
40,500.7419,214
80,617.8125,214
100,629.2278,214
250,634.1407,214
500,639.5152,214
750,641.201,214
1000,640.9938,214
1500,640.5201,214
2000,642.219,214
2500,642.2117,214
3000,641.5467,214
3500,642.1164,214
4000,642.7002,214
5000,641.8681,214
6000,642.3581,214
10,NA,230
20,156.6626,230
40,536.8783,230
80,495.5259,230
100,544.1557,230
250,569.3932,230
500,577.5715,230
750,580.3379,230
1000,580.7345,230
1500,581.0924,230
2000,581.2975,230
2500,580.913,230
3000,581.0625,230
3500,581.1,230
4000,581.2677,230
5000,581.1696,230
6000,581.2642,230
10,159.3702,231
20,463.5272,231
40,858.0199,231
80,1949.8762,231
100,1053.667,231
250,2284.4631,231
500,3008.2616,231
750,2991.1193,231
1000,3049.5829,231
1500,3039.9117,231
2000,3047.1051,231
2500,3047.8082,231
3000,3071.2128,231
3500,3071.0882,231
4000,3057.0758,231
5000,2999.6206,231
6000,3068.2896,231
10,775.4609,232
20,543.7233,232
40,2028.0001,232
80,1764.5951,232
100,2426.6975,232
250,2406.7885,232
500,2478.0714,232
750,2539.3482,232
1000,2510.1926,232
1500,2556.4936,232
2000,2566.0468,232
2500,2566.1713,232
3000,2564.4366,232
3500,2563.3997,232
4000,2556.6797,232
5000,2564.6082,232
6000,2562.9635,232
10,NA,233
20,2319.8637,233
40,1387.0253,233
80,2454.2062,233
100,2554.3971,233
250,3318.2552,233
500,3315.974,233
750,3354.9441,233
1000,3185.5882,233
1500,3238.504,233
2000,3356.9905,233
2500,3367.3636,233
3000,3366.3209,233
3500,3351.8537,233
4000,3380.8049,233
5000,3376.4362,233
6000,3364.8534,233
10,1946.4011,234
20,1947.9767,234
40,1955.8807,234
80,2503.649,234
100,2491.2682,234
250,2508.2593,234
500,2456.0978,234
750,2514.2151,234
1000,2518.7373,234
1500,2518.2829,234
2000,2518.6033,234
2500,2518.7294,234
3000,2516.017,234
3500,2516.6468,234
4000,2518.3294,234
5000,2519.6411,234
6000,2516.8903,234
10,NA,235
20,NA,235
40,2071.8575,235
80,1394.8809,235
100,1205.6599,235
250,1415.338,235
500,2170.4164,235
750,2208.1997,235
1000,2174.2488,235
1500,2239.9109,235
2000,2222.8653,235
2500,2222.9981,235
3000,2236.1517,235
3500,2239.9121,235
4000,2222.0775,235
5000,2240.1581,235
6000,2239.9339,235
10,558.7086,236
20,466.1069,236
40,573.016,236
80,692.0732,236
100,662.1459,236
250,716.5105,236
500,724.5798,236
750,724.3166,236
1000,726.9335,236
1500,727.6308,236
2000,727.1238,236
2500,727.8285,236
3000,728.0638,236
3500,727.6776,236
4000,726.5367,236
5000,727.9788,236
6000,728.0719,236
10,881.2145,100
20,845.4039,100
40,961.2642,100
80,872.5451,100
100,971.5801,100
250,977.3621,100
500,984.0762,100
750,988.8507,100
1000,991.7973,100
1500,991.3167,100
2000,990.9813,100
2500,990.4487,100
3000,992.2647,100
3500,992.5819,100
4000,992.9137,100
5000,991.8197,100
6000,993.237,100
10,441.5544,237
20,641.183,237
40,680.5862,237
80,622.1304,237
100,763.5797,237
250,758.5046,237
500,766.7409,237
750,761.1076,237
1000,766.0551,237
1500,766.9629,237
2000,765.9095,237
2500,766.4996,237
3000,766.4888,237
3500,766.736,237
4000,766.7672,237
5000,766.8121,237
6000,766.904,237
10,644.5243,240
20,688.8263,240
40,991.7974,240
80,1093.6643,240
100,1329.8406,240
250,1302.5254,240
500,1347.7923,240
750,1332.0757,240
1000,1353.0884,240
1500,1357.1124,240
2000,1350.8691,240
2500,1358.7259,240
3000,1357.3452,240
3500,1355.9954,240
4000,1360.8788,240
5000,1357.3588,240
6000,1358.8211,240
10,1875.3173,247
20,2095.9567,247
40,3809.0108,247
80,2066.3594,247
100,3651.3989,247
250,3886.3843,247
500,4191.6905,247
750,4613.1832,247
1000,4245.2502,247
1500,4237.1429,247
2000,4264.7902,247
2500,4607.6655,247
3000,4258.814,247
3500,4263.3331,247
4000,4265.916,247
5000,4606.466,247
6000,4622.936,247
10,2490.5042,250
20,2780.6443,250
40,2920.8169,250
80,2865.2525,250
100,2941.1519,250
250,2931.6589,250
500,2952.4176,250
750,2956.2706,250
1000,2957.9599,250
1500,2950.8844,250
2000,2958.45,250
2500,2958.759,250
3000,2957.7062,250
3500,2958.8063,250
4000,2958.9459,250
5000,2958.6486,250
6000,2958.6801,250
10,523.8196,264
20,692.7714,264
40,717.672,264
80,736.5254,264
100,738.996,264
250,741.0778,264
500,740.8061,264
750,741.8566,264
1000,742.1502,264
1500,742.2693,264
2000,742.0011,264
2500,742.2668,264
3000,742.238,264
3500,742.0754,264
4000,742.2809,264
5000,742.274,264
6000,742.1879,264
10,244.3805,276
20,1086.2855,276
40,929.4217,276
80,1061.4934,276
100,1089.9338,276
250,1082.0025,276
500,1090.4148,276
750,1092.2583,276
1000,1092.726,276
1500,1091.0081,276
2000,1092.6377,276
2500,1092.5543,276
3000,1093.3521,276
3500,1092.9812,276
4000,1093.281,276
5000,1092.7642,276
6000,1093.195,276
10,379.0105,281
20,475.3554,281
40,587.8875,281
80,555.709,281
100,586.4748,281
250,586.9732,281
500,588.1892,281
750,587.9583,281
1000,587.9514,281
1500,588.5244,281
2000,588.0665,281
2500,588.4998,281
3000,588.3024,281
3500,588.4128,281
4000,588.3478,281
5000,588.5286,281
6000,588.5098,281
10,695.9406,328
20,1592.2341,328
40,1644.3667,328
80,1633.3443,328
100,1659.6345,328
250,1659.0046,328
500,1665.2489,328
750,1660.1923,328
1000,1669.3921,328
1500,1670.326,328
2000,1670.6449,328
2500,1669.2403,328
3000,1671.2711,328
3500,1669.268,328
4000,1671.0196,328
5000,1670.7069,328
6000,1669.4143,328
10,795.8704,1
20,580.4253,1
40,628.4125,1
80,1608.8987,1
100,1624.8247,1
250,1737.5803,1
500,1780.3574,1
750,1786.1144,1
1000,1786.9065,1
1500,1787.7257,1
2000,1794.2977,1
2500,1792.6229,1
3000,1795.5845,1
3500,1794.6992,1
4000,1796.5233,1
5000,1797.0911,1
6000,1796.653,1
10,8509.3326,2
20,6020.1423,2
40,7297.016,2
80,10011.4711,2
100,10193.2978,2
250,10708.3626,2
500,10708.4256,2
750,10706.8417,2
1000,10638.8706,2
1500,10705.1495,2
2000,10682.9437,2
2500,10721.2523,2
3000,10730.5592,2
3500,10750.2065,2
4000,10734.7387,2
5000,10742.7776,2
6000,10735.5349,2
10,604.2654,136
20,736.6316,136
40,794.6376,136
80,773.2583,136
100,791.9899,136
250,784.7136,136
500,841.7105,136
750,837.3705,136
1000,839.2963,136
1500,846.2205,136
2000,843.8389,136
2500,844.1631,136
3000,847.0573,136
3500,847.8773,136
4000,846.9294,136
5000,848.1143,136
6000,847.1112,136
10,815.0303,14
20,868.3045,14
40,837.8429,14
80,899.2656,14
100,880.3278,14
250,920.6471,14
500,924.288,14
750,922.8517,14
1000,923.752,14
1500,923.591,14
2000,924.2379,14
2500,923.9899,14
3000,924.3771,14
3500,924.321,14
4000,924.4507,14
5000,924.5186,14
6000,924.4033,14
10,NA,84
20,229.249,84
40,528.9823,84
80,621.0317,84
100,652.9911,84
250,721.4917,84
500,867.5901,84
750,853.6021,84
1000,872.1461,84
1500,856.0894,84
2000,874.7297,84
2500,874.2177,84
3000,873.2174,84
3500,874.6807,84
4000,877.3656,84
5000,877.814,84
6000,875.5182,84
10,1514.4775,117
20,1892.4708,117
40,2108.7498,117
80,2108.576,117
100,2117.6744,117
250,2097.8154,117
500,2127.1654,117
750,2130.8801,117
1000,2118.6098,117
1500,2134.7169,117
2000,2134.9622,117
2500,2134.8811,117
3000,2134.2833,117
3500,2133.1325,117
4000,2134.8225,117
5000,2134.7104,117
6000,2134.9981,117
10,927.0298,51
20,490.1544,51
40,969.4909,51
80,1086.7536,51
100,1058.5156,51
250,1235.662,51
500,1331.9735,51
750,1330.4734,51
1000,1360.9486,51
1500,1379.6301,51
2000,1375.5997,51
2500,1417.8245,51
3000,1349.2144,51
3500,1368.428,51
4000,1380.1821,51
5000,1380.4096,51
6000,1382.3524,51
10,NA,52
20,NA,52
40,1003.4261,52
80,1771.5327,52
100,2500.4933,52
250,3010.5733,52
500,2596.701,52
750,2720.827,52
1000,3209.5566,52
1500,3160.2333,52
2000,3214.8748,52
2500,3215.8173,52
3000,3203.5176,52
3500,3167.6836,52
4000,3238.7272,52
5000,3197.8866,52
6000,3211.3496,52
10,1032.0726,53
20,738.7565,53
40,1799.9831,53
80,1992.8177,53
100,2056.5511,53
250,2056.325,53
500,2047.259,53
750,2058.9876,53
1000,2065.5263,53
1500,2065.8512,53
2000,2066.8876,53
2500,2066.5889,53
3000,2065.4938,53
3500,2065.9459,53
4000,2066.8699,53
5000,2066.3269,53
6000,2066.7609,53
10,426.797,57
20,NA,57
40,1185.1548,57
80,1258.1773,57
100,1241.8336,57
250,1312.2132,57
500,1314.2954,57
750,1744.9534,57
1000,1806.0665,57
1500,1801.9745,57
2000,1810.2271,57
2500,1820.0193,57
3000,1818.1618,57
3500,1828.3671,57
4000,1817.0133,57
5000,1819.9142,57
6000,1823.3148,57
10,338.5985,64
20,788.3441,64
40,564.6044,64
80,936.998,64
100,915.3932,64
250,1000.4095,64
500,1003.5961,64
750,1008.5016,64
1000,1004.1969,64
1500,1007.3464,64
2000,997.4483,64
2500,1008.0029,64
3000,1008.0074,64
3500,1008.426,64
4000,1007.3571,64
5000,1008.0402,64
6000,1007.9597,64
10,367.8817,65
20,442.8213,65
40,697.3569,65
80,1093.7644,65
100,1234.7169,65
250,1228.0245,65
500,1245.0934,65
750,1248.1329,65
1000,1248.9261,65
1500,1247.463,65
2000,1248.3248,65
2500,1247.3756,65
3000,1247.9437,65
3500,1248.6161,65
4000,1248.499,65
5000,1248.9424,65
6000,1248.8933,65
10,1305.8097,66
20,1499.1949,66
40,1377.7396,66
80,2074.239,66
100,2153.4249,66
250,2203.7479,66
500,2203.3342,66
750,2201.9369,66
1000,2207.2273,66
1500,2209.0835,66
2000,2210.4767,66
2500,2202.3507,66
3000,2211.0069,66
3500,2209.5872,66
4000,2212.5775,66
5000,2213.2441,66
6000,2214.8225,66
10,3899.9662,146
20,7526.0507,146
40,8606.469,146
80,8895.3746,146
100,8156.3525,146
250,8887.1474,146
500,9477.2034,146
750,9632.7658,146
1000,9638.0758,146
1500,9646.4116,146
2000,9646.6616,146
2500,9644.7334,146
3000,9651.8458,146
3500,9642.9038,146
4000,9652.5369,146
5000,9654.346,146
6000,9653.3858,146
10,2835.8622,238
20,2228.1952,238
40,3181.8874,238
80,3291.5273,238
100,3313.9273,238
250,3364.8227,238
500,3380.7309,238
750,3383.0348,238
1000,3381.743,238
1500,3380.7325,238
2000,3383.294,238
2500,3379.5146,238
3000,3382.0798,238
3500,3382.9201,238
4000,3382.7059,238
5000,3380.834,238
6000,3382.9383,238
10,NA,239
20,2902.0173,239
40,3112.281,239
80,3016.1245,239
100,3004.526,239
250,3092.412,239
500,3110.9791,239
750,3112.3298,239
1000,3116.7945,239
1500,3111.0057,239
2000,3117.325,239
2500,3117.9607,239
3000,3114.9828,239
3500,3116.2319,239
4000,3116.4929,239
5000,3118.4996,239
6000,3119.0358,239
10,522.6822,249
20,1017.5236,249
40,2267.2383,249
80,2378.5993,249
100,2063.7122,249
250,2733.4614,249
500,2829.032,249
750,2848.9698,249
1000,2838.3275,249
1500,2841.1733,249
2000,2846.1528,249
2500,2854.6573,249
3000,2854.3408,249
3500,2856.4608,249
4000,2856.4114,249
5000,2855.0975,249
6000,2854.1586,249
10,2149.0062,253
20,3172.0803,253
40,3098.9167,253
80,3125.0952,253
100,3198.7658,253
250,3190.4958,253
500,3200.3583,253
750,3201.6799,253
1000,3200.6784,253
1500,3201.5301,253
2000,3201.4536,253
2500,3201.5639,253
3000,3201.6911,253
3500,3201.6328,253
4000,3201.929,253
5000,3201.9176,253
6000,3201.7081,253
10,1093.1727,263
20,1177.1032,263
40,1594.7552,263
80,1645.3885,263
100,1686.8623,263
250,1662.1245,263
500,1683.3005,263
750,1674.3135,263
1000,1687.1214,263
1500,1687.3829,263
2000,1685.0688,263
2500,1687.7374,263
3000,1687.7058,263
3500,1687.9897,263
4000,1687.7814,263
5000,1687.6898,263
6000,1687.6774,263
10,615.2005,265
20,455.0713,265
40,841.4526,265
80,807.6434,265
100,824.5816,265
250,864.2567,265
500,866.0592,265
750,863.6475,265
1000,866.9294,265
1500,866.4414,265
2000,866.3802,265
2500,866.6004,265
3000,866.4385,265
3500,866.9771,265
4000,866.3759,265
5000,866.7398,265
6000,867.0441,265
10,582.7193,287
20,NA,287
40,2996.2635,287
80,2744.5878,287
100,3365.6514,287
250,4155.407,287
500,5450.2195,287
750,4948.758,287
1000,4888.7278,287
1500,5313.0164,287
2000,5625.4198,287
2500,5559.51,287
3000,5575.7862,287
3500,5513.7028,287
4000,5646.1842,287
5000,5607.3282,287
6000,5645.4703,287
10,NA,302
20,1781.7384,302
40,2116.4932,302
80,3421.2482,302
100,2991.5808,302
250,3715.4842,302
500,3788.5636,302
750,3796.729,302
1000,3787.0696,302
1500,3794.8317,302
2000,3807.0549,302
2500,3811.0341,302
3000,3810.8753,302
3500,3809.1941,302
4000,3811.2257,302
5000,3809.4452,302
6000,3813.9116,302
10,1361.7269,308
20,1457.9109,308
40,1911.0001,308
80,1936.4627,308
100,1920.8663,308
250,1930.8948,308
500,1935.4526,308
750,1933.7953,308
1000,1936.6609,308
1500,1938.0058,308
2000,1939.061,308
2500,1937.7584,308
3000,1938.3661,308
3500,1937.9817,308
4000,1938.5887,308
5000,1938.6945,308
6000,1938.77,308
10,601.876,323
20,1070.2655,323
40,932.6724,323
80,1086.6666,323
100,1061.8483,323
250,1118.3285,323
500,1120.3642,323
750,1116.9086,323
1000,1117.8416,323
1500,1120.925,323
2000,1120.8252,323
2500,1121.123,323
3000,1120.2767,323
3500,1121.4283,323
4000,1120.5105,323
5000,1121.1969,323
6000,1121.5197,323
10,NA,147
20,1906.7134,147
40,1629.119,147
80,1919.2576,147
100,2147.7244,147
250,2157.0675,147
500,2316.6862,147
750,2326.1723,147
1000,2272.144,147
1500,2327.3098,147
2000,2268.1509,147
2500,2326.4447,147
3000,2326.4066,147
3500,2322.7995,147
4000,2328.4406,147
5000,2319.2999,147
6000,2324.3991,147
10,186.0286,331
20,181.7083,331
40,473.3532,331
80,635.9862,331
100,963.6676,331
250,846.1048,331
500,960.1615,331
750,951.59760000000006,331
1000,963.9445,331
1500,964.7353,331
2000,966.2183,331
2500,966.7143,331
3000,967.4003,331
3500,967.5007,331
4000,966.6698,331
5000,968.0336,331
6000,967.3847,331
10,2964.9736,999
20,4036.4109,999
40,5962.0639,999
80,8148.4724,999
100,7708.726,999
250,7630.9598,999
500,9683.6027,999
750,9677.483,999
1000,9678.8815,999
1500,9681.1912,999
2000,9714.3959,999
2500,9701.2073,999
3000,9697.962,999
3500,9709.591,999
4000,9694.195,999
5000,9714.9116,999
6000,9714.1233,999
10,212.8749,10
20,56.1176,10
40,406.6273,10
80,465.5052,10
100,456.8351,10
250,676.7507,10
500,674.2948,10
750,807.8229,10
1000,687.468,10
1500,803.4324,10
2000,692.4939,10
2500,807.0393,10
3000,807.7266,10
3500,802.8415,10
4000,805.7729,10
5000,808.2902,10
6000,809.8575,10
10,NA,16
20,578.0522,16
40,533.3154,16
80,715.5711,16
100,713.6715,16
250,714.8505,16
500,721.6929,16
750,721.9165,16
1000,724.2616,16
1500,724.4926,16
2000,725.565,16
2500,725.1295,16
3000,726.1282,16
3500,726.2282,16
4000,726.193,16
5000,726.2479,16
6000,725.3963,16
10,1118.2561,44
20,1131.382,44
40,715.8189,44
80,1543.5504,44
100,1847.0592,44
250,1907.0504,44
500,1859.4259,44
750,1863.6472,44
1000,1862.9351,44
1500,1906.6847,44
2000,1865.1641,44
2500,1906.6162,44
3000,1909.0329,44
3500,1907.6924,44
4000,1865.3835,44
5000,1907.8223,44
6000,1906.5091,44
10,398.5088,45
20,410.2212,45
40,382.2728,45
80,420.9833,45
100,416.913,45
250,420.8853,45
500,420.4014,45
750,420.9425,45
1000,420.7776,45
1500,421.0452,45
2000,421.1938,45
2500,421.3239,45
3000,421.2,45
3500,421.1672,45
4000,421.3251,45
5000,421.2281,45
6000,421.2896,45
10,NA,82
20,470.4114,82
40,483.3375,82
80,769.6285,82
100,814.9383,82
250,838.5875,82
500,891.4127,82
750,891.7118,82
1000,884.3644,82
1500,892.5861,82
2000,898.2472,82
2500,896.9255,82
3000,898.0536,82
3500,895.3184,82
4000,892.6326,82
5000,902.5316,82
6000,896.6449,82
10,NA,98
20,475.6886,98
40,615.3281,98
80,640.0975,98
100,634.3047,98
250,633.9817,98
500,645.2365,98
750,644.9895,98
1000,642.6083,98
1500,645.2012,98
2000,641.5023,98
2500,645.1616,98
3000,644.4787,98
3500,644.9517,98
4000,645.0806,98
5000,645.3933,98
6000,645.1794,98
10,NA,102
20,896.9843,102
40,650.1883,102
80,947.6575,102
100,806.2669,102
250,1138.1375,102
500,1176.6771,102
750,1181.6544,102
1000,1179.2449,102
1500,1189.6774,102
2000,1189.2837,102
2500,1180.6813,102
3000,1180.2603,102
3500,1188.7375,102
4000,1188.9454,102
5000,1186.4267,102
6000,1190.4423,102
10,129.2358,119
20,287.6707,119
40,362.3793,119
80,457.7752,119
100,458.8783,119
250,459.7312,119
500,462.6213,119
750,470.8079,119
1000,469.221,119
1500,473.289,119
2000,473.3259,119
2500,471.8466,119
3000,472.2881,119
3500,473.3701,119
4000,473.3603,119
5000,473.0659,119
6000,473.4869,119
